,title,company,location,salary,date,hyperlink,glassdoor_link,stars,sector,num_employees
0,Lead Software Engineer,JPMorgan Chase & Co,"Wilmington, DE 19803",,Posted 1 day ago,https://www.indeed.com/rc/clk?jk=6a413524a093f48d&fccid=c46d0116f6e69eae&vjs=3,"https://www.glassdoor.com/Overview/Working-at-JPMorgan-Chase-and-Co-EI_IE5224839.11,32.htm",4.0,Banking & Lending,10K+ Employees
1,Senior Lead Software Engineer,JPMorgan Chase & Co,"Wilmington, DE 19803",,Posted 2 days ago,https://www.indeed.com/rc/clk?jk=21d3318fb376bcc4&fccid=c46d0116f6e69eae&vjs=3,"https://www.glassdoor.com/Overview/Working-at-JPMorgan-Chase-and-Co-EI_IE5224839.11,32.htm",4.0,Banking & Lending,10K+ Employees
2,Data Scientist,Reveille Technologies,"Philadelphia, PA 19103 
(Logan Square area)",$50 - $55 an hour,Posted 2 days ago,https://www.indeed.com/company/Reveille-Technologies/jobs/Data-Scientist-acd34a856e443ec3?fccid=dd5e469af29f51f3&vjs=3,"https://www.glassdoor.com/Overview/Working-at-Reveille-Technologies-EI_IE386448.11,32.htm",3.3,Information Technology Support Services,1 to 50 Employees
3,AWS / Java Software Engineer III,JPMorgan Chase & Co,"Wilmington, DE 19803",,Posted 2 days ago,https://www.indeed.com/rc/clk?jk=4a3429027b56809b&fccid=c46d0116f6e69eae&vjs=3,"https://www.glassdoor.com/Overview/Working-at-JPMorgan-Chase-and-Co-EI_IE5224839.11,32.htm",4.0,Banking & Lending,10K+ Employees
4,Artificial Intelligence Sales Leader,Deloitte,"Philadelphia, PA",,Posted 6 days ago,https://www.indeed.com/rc/clk?jk=dbcc2ca8a1ec9791&fccid=9e215d88a6b33622&vjs=3,"https://www.glassdoor.com/Overview/Working-at-Deloitte-EI_IE2763.11,19.htm",4.0,Accounting & Tax,10K+ Employees
5,Cloud / Java Software Engineer II,JPMorgan Chase & Co,"Wilmington, DE 19803",,Posted 6 days ago,https://www.indeed.com/rc/clk?jk=73409f5f88828b53&fccid=c46d0116f6e69eae&vjs=3,"https://www.glassdoor.com/Overview/Working-at-JPMorgan-Chase-and-Co-EI_IE5224839.11,32.htm",4.0,Banking & Lending,10K+ Employees
6,Senior Data Engineer,Velocity Black,"Hybrid remote in Wilmington, DE",,Posted 6 days ago,https://www.indeed.com/rc/clk?jk=fdb09424b8afd650&fccid=b85c5070c3d3d8c8&vjs=3,"https://www.glassdoor.com/Overview/Working-at-Velocity-Black-EI_IE961384.11,25.htm",3.7,Internet & Web Services,1 to 50 Employees
7,Machine Learning Engineer,Combined Insurance,"Philadelphia, PA",,Posted 8 days ago,https://www.indeed.com/rc/clk?jk=491fd68a043ae577&fccid=c5aca6a2aeb9305f&vjs=3,"https://www.glassdoor.com/Overview/Working-at-Combined-Insurance-EI_IE14569.11,29.htm",3.4,Insurance Carriers,
8,AI/ML Machine Learning Engineer - Early Career,Lockheed Martin Corporation,"King of Prussia, PA",,Posted 9 days ago,https://www.indeed.com/rc/clk?jk=4e42572c63ee991d&fccid=aeb15e43a6800b9d&vjs=3,"https://www.glassdoor.com/Overview/Working-at-Lockheed-Martin-Corp-EI_IE8042645.11,31.htm",3.7,Aerospace & Defense,
9,Machine Learning Engineer,Chubb,"Philadelphia, PA","$71,500 - $115,000 a year",Posted 13 days ago,https://www.indeed.com/rc/clk?jk=3375c995bd8236ea&fccid=a4b25052cb0c9989&vjs=3,"https://www.glassdoor.com/Overview/Working-at-Chubb-EI_IE150.11,16.htm",3.7,Insurance Carriers,10K+ Employees
10,AI/ML Machine Learning Engineer - Early Career,Lockheed Martin,"King of Prussia, PA 19406",,Posted 9 days ago,https://www.indeed.com/rc/clk?jk=b1b70799d5b1c724&fccid=aeb15e43a6800b9d&vjs=3,"https://www.glassdoor.com/Overview/Working-at-Lockheed-Martin-EI_IE404.11,26.htm",4.2,Aerospace & Defense,10K+ Employees
11,Java with AWS/Cloud Software Engineer II,JPMorgan Chase & Co,"Wilmington, DE 19801 
(Loma area)",,Posted 11 days ago,https://www.indeed.com/rc/clk?jk=488cd4c824432468&fccid=c46d0116f6e69eae&vjs=3,"https://www.glassdoor.com/Overview/Working-at-JPMorgan-Chase-and-Co-EI_IE5224839.11,32.htm",4.0,Banking & Lending,10K+ Employees
12,Python with PySpark Software Engineer III,JPMorgan Chase & Co,"Wilmington, DE 19803",,Posted 9 days ago,https://www.indeed.com/rc/clk?jk=a29f0842587adf23&fccid=c46d0116f6e69eae&vjs=3,"https://www.glassdoor.com/Overview/Working-at-JPMorgan-Chase-and-Co-EI_IE5224839.11,32.htm",4.0,Banking & Lending,10K+ Employees
13,ML Engineer 3,Effectv,"Philadelphia, PA 19103","$87,597 - $205,306 a year",Posted 10 days ago,https://www.indeed.com/rc/clk?jk=a03b422b9b56084b&fccid=bc062cedf5ad5a80&vjs=3,"https://www.glassdoor.com/Overview/Working-at-Effectv-EI_IE239892.11,18.htm",3.5,Advertising & Public Relations,1K to 5K Employees
14,Lead Software Engineer,JPMorgan Chase & Co,"Wilmington, DE 19803",,Posted 8 days ago,https://www.indeed.com/rc/clk?jk=160d4d1551943996&fccid=c46d0116f6e69eae&vjs=3,"https://www.glassdoor.com/Overview/Working-at-JPMorgan-Chase-and-Co-EI_IE5224839.11,32.htm",4.0,Banking & Lending,10K+ Employees
15,AI/ML with Java/Python Software Engineer III,JPMorgan Chase & Co,"Wilmington, DE 19803",,Posted 9 days ago,https://www.indeed.com/rc/clk?jk=b005b0dcae513d61&fccid=c46d0116f6e69eae&vjs=3,"https://www.glassdoor.com/Overview/Working-at-JPMorgan-Chase-and-Co-EI_IE5224839.11,32.htm",4.0,Banking & Lending,10K+ Employees
16,Data Scientist with NLP & Python Exp,Callibus Inc,"Wilmington, DE 19801 
(Southbridge area)",,Active 4 days ago,https://www.indeed.com/company/Aevon-Inc/jobs/Data-Scientist-6262b7f0259cb87f?fccid=414627a7e77b0eb4&vjs=3,"https://www.glassdoor.com/Overview/Working-at-Callibus-EI_IE3967811.11,19.htm",-1.0,,
17,"Founding Machine Learning Engineer, Seed Startup",Recruiting From Scratch,"Philadelphia, PA 19104 
(Belmont area)","$130,000 - $180,000 a year",Posted 19 days ago,https://www.indeed.com/rc/clk?jk=19ed79889677b099&fccid=09e02654c2f26bbd&vjs=3,"https://www.glassdoor.com/Overview/Working-at-Recruiting-from-Scratch-EI_IE2496828.11,34.htm",4.0,Staffing & Subcontracting,1 to 50 Employees
18,Big Data Software Engineer III,JPMorgan Chase & Co,"Wilmington, DE 19803",,Posted 15 days ago,https://www.indeed.com/rc/clk?jk=68b462071f0cdf56&fccid=c46d0116f6e69eae&vjs=3,"https://www.glassdoor.com/Overview/Working-at-JPMorgan-Chase-and-Co-EI_IE5224839.11,32.htm",4.0,Banking & Lending,10K+ Employees
19,Software Engineer III - Oracle Functional HCM Security,JPMorgan Chase & Co,"Wilmington, DE 19803",,Posted 16 days ago,https://www.indeed.com/rc/clk?jk=5c88e7dff164814e&fccid=c46d0116f6e69eae&vjs=3,"https://www.glassdoor.com/Overview/Working-at-JPMorgan-Chase-and-Co-EI_IE5224839.11,32.htm",4.0,Banking & Lending,10K+ Employees
20,Lead Software Engineer - Risk/ Data,JPMorgan Chase & Co,"Wilmington, DE 19803",,Posted 16 days ago,https://www.indeed.com/rc/clk?jk=3f97da1d35255879&fccid=c46d0116f6e69eae&vjs=3,"https://www.glassdoor.com/Overview/Working-at-JPMorgan-Chase-and-Co-EI_IE5224839.11,32.htm",4.0,Banking & Lending,10K+ Employees
21,Java Software Engineer III,JPMorgan Chase & Co,"Wilmington, DE 19803",,Posted 14 days ago,https://www.indeed.com/rc/clk?jk=e5d03a22ccd70cd7&fccid=c46d0116f6e69eae&vjs=3,"https://www.glassdoor.com/Overview/Working-at-JPMorgan-Chase-and-Co-EI_IE5224839.11,32.htm",4.0,Banking & Lending,10K+ Employees
22,"Senior Software Engineer, Technical Lead",Draynow Inc,"Hybrid remote in Conshohocken, PA 19428",,Posted 14 days ago,https://www.indeed.com/rc/clk?jk=4934d8e47f1ed790&fccid=87a4a39093ef6911&vjs=3,"https://www.glassdoor.com/Overview/Working-at-DrayNow-EI_IE2853253.11,18.htm",1.5,Taxi & Car Services,1 to 50 Employees
23,Java React Lead Software Engineer,JPMorgan Chase & Co,"Wilmington, DE 19803",,Posted 15 days ago,https://www.indeed.com/rc/clk?jk=5d82f62bad9ba987&fccid=c46d0116f6e69eae&vjs=3,"https://www.glassdoor.com/Overview/Working-at-JPMorgan-Chase-and-Co-EI_IE5224839.11,32.htm",4.0,Banking & Lending,10K+ Employees
24,Lead Software Engineer - FullStack,JPMorgan Chase & Co,"Wilmington, DE 19803",,Posted 18 days ago,https://www.indeed.com/rc/clk?jk=32b0f1b711b6383a&fccid=c46d0116f6e69eae&vjs=3,"https://www.glassdoor.com/Overview/Working-at-JPMorgan-Chase-and-Co-EI_IE5224839.11,32.htm",4.0,Banking & Lending,10K+ Employees
25,Sr. Data Scientist,Xylem,"Philadelphia, PA 19103","$115,000 - $130,000 a year",Posted 17 days ago,https://www.indeed.com/rc/clk?jk=5d1b02f339af07b0&fccid=68ec8a8ee6cf5ac6&vjs=3,"https://www.glassdoor.com/Overview/Working-at-Xylem-EI_IE494852.11,16.htm",3.7,Machinery Manufacturing,10K+ Employees
26,Senior Robotics Perception and Machine Learning Engineer,Burro,"Philadelphia, PA",,Posted 27 days ago,https://www.indeed.com/rc/clk?jk=5dc1bd4a11c9048c&fccid=9e330f8287092fa2&vjs=3,"https://www.glassdoor.com/Overview/Working-at-Burro-EI_IE1030439.11,16.htm",3.4,,1 to 50 Employees
27,Senior Robotics Perception and Machine Learning Engineer,Augean Robotics,"Philadelphia, PA",,Posted 27 days ago,https://www.indeed.com/rc/clk?jk=c523b0bb2978dfa8&fccid=d9ed13c2c6ed773e&vjs=3,"https://www.glassdoor.com/Overview/Working-at-Augean-Robotics-EI_IE3156997.11,26.htm",5.0,,1 to 50 Employees
28,Senior AI Engineer,MedRisk LLC,"King of Prussia, PA 19406",,Posted 22 days ago,https://www.indeed.com/rc/clk?jk=af6758ae5ff21b56&fccid=0052e4aea9c87981&vjs=3,"https://www.glassdoor.com/Overview/Working-at-MedRisk-EI_IE296137.11,18.htm",2.8,Health Care Services & Hospitals,501 to 1K Employees
29,Data Engineer/Sr. Data Engineer (Remote) - EVOLVE Intelligence,DNV,"Remote in Chalfont, PA","$105,000 - $150,000 a year",Posted 22 days ago,https://www.indeed.com/rc/clk?jk=63466c65ed9650db&fccid=621355d16566db19&vjs=3,"https://www.glassdoor.com/Overview/Working-at-DNV-EI_IE1347743.11,14.htm",4.0,Energy & Utilities,10K+ Employees
30,Java Python Software Engineer III,JPMorgan Chase & Co,"Wilmington, DE 19803",,Posted 25 days ago,https://www.indeed.com/rc/clk?jk=bfc1583a3f736b8b&fccid=c46d0116f6e69eae&vjs=3,"https://www.glassdoor.com/Overview/Working-at-JPMorgan-Chase-and-Co-EI_IE5224839.11,32.htm",4.0,Banking & Lending,10K+ Employees
31,"Lead Data Engineer, (Python, Java or Scala)",Velocity Black,"Wilmington, DE",,Posted 23 days ago,https://www.indeed.com/rc/clk?jk=abea8ace34873d69&fccid=b85c5070c3d3d8c8&vjs=3,"https://www.glassdoor.com/Overview/Working-at-Velocity-Black-EI_IE961384.11,25.htm",3.7,Internet & Web Services,1 to 50 Employees
32,Lead Software Engineer,JPMorgan Chase & Co,"Wilmington, DE 19803",,Posted 27 days ago,https://www.indeed.com/rc/clk?jk=0c7cc896f371c449&fccid=c46d0116f6e69eae&vjs=3,"https://www.glassdoor.com/Overview/Working-at-JPMorgan-Chase-and-Co-EI_IE5224839.11,32.htm",4.0,Banking & Lending,10K+ Employees
33,"Lead Data Engineer, (Python, Java or Scala)",Capital One,"Wilmington, DE",,Posted 22 days ago,https://www.indeed.com/rc/clk?jk=92761cff1a50d863&fccid=b85c5070c3d3d8c8&vjs=3,"https://www.glassdoor.com/Overview/Working-at-Capital-One-EI_IE3736.11,22.htm",4.1,Banking & Lending,10K+ Employees
34,Machine Learning Engineer,Cadent,"Philadelphia, PA 19102 
(City Center West area)",,Posted 30+ days ago,https://www.indeed.com/rc/clk?jk=3d6cfa1a866d93d2&fccid=760d03f6c6eab030&vjs=3,"https://www.glassdoor.com/Overview/Working-at-Cadent-EI_IE1268793.11,17.htm",3.3,Advertising & Public Relations,201 to 500 Employees
35,Cloud / Java Software Engineer III,JPMorgan Chase & Co,"Wilmington, DE 19803",,Posted 30+ days ago,https://www.indeed.com/rc/clk?jk=cc66ed6acbacc2de&fccid=c46d0116f6e69eae&vjs=3,"https://www.glassdoor.com/Overview/Working-at-JPMorgan-Chase-and-Co-EI_IE5224839.11,32.htm",4.0,Banking & Lending,10K+ Employees
36,Big Data AWS Software Engineer III,JPMorgan Chase & Co,"Wilmington, DE 19803",,Posted 28 days ago,https://www.indeed.com/rc/clk?jk=8b47f798cd0409d7&fccid=c46d0116f6e69eae&vjs=3,"https://www.glassdoor.com/Overview/Working-at-JPMorgan-Chase-and-Co-EI_IE5224839.11,32.htm",4.0,Banking & Lending,10K+ Employees
37,Senior Lead Software Engineer - Full Stack / React,JPMorgan Chase & Co,"Wilmington, DE 19803",,Posted 28 days ago,https://www.indeed.com/rc/clk?jk=74c4e813897686b3&fccid=c46d0116f6e69eae&vjs=3,"https://www.glassdoor.com/Overview/Working-at-JPMorgan-Chase-and-Co-EI_IE5224839.11,32.htm",4.0,Banking & Lending,10K+ Employees
38,Large Language Model Data Scientist,Deloitte,"Philadelphia, PA",,Posted 29 days ago,https://www.indeed.com/rc/clk?jk=2471f8cc6b9f9cc9&fccid=9e215d88a6b33622&vjs=3,"https://www.glassdoor.com/Overview/Working-at-Deloitte-EI_IE2763.11,19.htm",4.0,Accounting & Tax,10K+ Employees
39,Lead Full Stack Software Engineer (remote),Kroll Bond Rating Agency,"Remote in Dresher, PA",,Posted 30+ days ago,https://www.indeed.com/rc/clk?jk=ee8d07822e80d1e8&fccid=2523b0509cf688d6&vjs=3,"https://www.glassdoor.com/Overview/Working-at-KBRA-EI_IE752531.11,15.htm",4.2,Research & Development,201 to 500 Employees
40,Software Engineer III - AI/ML Platform Engineering,JPMorgan Chase & Co,"Wilmington, DE 19803","$128,250 - $180,000 a year",Posted 30+ days ago,https://www.indeed.com/rc/clk?jk=339bae5a5d4b604e&fccid=c46d0116f6e69eae&vjs=3,"https://www.glassdoor.com/Overview/Working-at-JPMorgan-Chase-and-Co-EI_IE5224839.11,32.htm",4.0,Banking & Lending,10K+ Employees
41,"Software Engineer II, Public Cloud",JPMorgan Chase & Co,"Wilmington, DE 19803",,Posted 30+ days ago,https://www.indeed.com/rc/clk?jk=f513f67d099b7cd9&fccid=c46d0116f6e69eae&vjs=3,"https://www.glassdoor.com/Overview/Working-at-JPMorgan-Chase-and-Co-EI_IE5224839.11,32.htm",4.0,Banking & Lending,10K+ Employees
42,"Experienced Associate, Software Engineer (Python/SQL)",PRICE WATERHOUSE COOPERS,"Philadelphia, PA 19103 
(Logan Square area)",,Posted 30+ days ago,https://www.indeed.com/rc/clk?jk=a075defdc865022e&fccid=5e964c4afc56b180&vjs=3,"https://www.glassdoor.com/Overview/Working-at-PwC-EI_IE8450.11,14.htm",3.9,Accounting & Tax,10K+ Employees
43,"Software Engineer III, IoT and Java",JPMorgan Chase & Co,"Wilmington, DE 19803",,Posted 30+ days ago,https://www.indeed.com/rc/clk?jk=29d58992f2d7cf78&fccid=c46d0116f6e69eae&vjs=3,"https://www.glassdoor.com/Overview/Working-at-JPMorgan-Chase-and-Co-EI_IE5224839.11,32.htm",4.0,Banking & Lending,10K+ Employees
44,ML Engineer - Data & Advanced Analytics,Penske Truck Leasing and Logistics,"Reading, PA 19601",,Posted 30+ days ago,https://www.indeed.com/pagead/clk?mo=r&ad=-6NYlbfkN0D0R1tVwh9nfVcDtaLUPmv_DHPRXk8P4e6m2sKdlvmDDfuMyh1OV5zFuT60FjWUY-TerndN7iGsZtZpWEJxBeTv-RUTy4cuylFFT96RJz3Ps3pOQ4pj24wc9hrqJZwb7Su0-oHMUZ8crnYSUG8akOeFE3T1QGbE2ZmHC28MTIGxxXT7G5hL8MmbSsswUeL0QCRTGCy1cSChhYxERVE0udkiV-OD1zMWZvJ2xvRVGyS2fjXOZUupDWdxdKysfmX0JsS-liPJs4sm5sTVh2HwW5VNMOM5uz6cmvoaLt7B7VCYJ59ty5fDBrW7APSD8Mti3QroRQ1A7GjibZN9n89AdSn9v3HOZCrxLy0d8we_vXoa5FXODnWUPl8en6RJY7RuTUUM5eR4VIb5UVH3oQ4rba6fQaHQPKZZxAgc5ZAWytqI9dqtXJKZZDOL7UoyIEcFKE7UKNk8zWE8TKM1OLOtQWd6GAX7CDUvXYexg7X6W22qLxbG3GPRZxyKeImJ8m3xiH0LTcBmEK8uyDs2TsVjMW1AQ4LiRTYnbi5lWj72PvTA2PKqA2OAMNy91iaoiTj4kL3jddGkKpzQCcjMkP3kEaOgtfC1Z5x1cVSCaTKG9FQFyNbjgZoVxG2GoMq4UfCRQw0X460Eu3AaI5sM9VFqU6PGa4HdzJeRGJNrx_i-K_mzMA==&xkcb=SoA2-_M3Jm3DHQQgQR0ObzkdCdPP&p=5&fvj=0&vjs=3,"https://www.glassdoor.com/Overview/Working-at-Penske-Truck-Leasing-EI_IE8984.11,31.htm",3.5,Shipping & Trucking,10K+ Employees
45,Software Engineer,Sabre Systems Inc.,"Warminster, PA 18974",,Posted 30+ days ago,https://www.indeed.com/rc/clk?jk=1a6b7bad6410fd4b&fccid=fdb7b9b86c55e359&vjs=3,"https://www.glassdoor.com/Overview/Working-at-Sabre-Systems-EI_IE135687.11,24.htm",4.8,Aerospace & Defense,201 to 500 Employees
46,Software Engineer III Data,JPMorgan Chase & Co,"Wilmington, DE 19803",,Posted 30+ days ago,https://www.indeed.com/rc/clk?jk=57f45962d8c2bfbb&fccid=c46d0116f6e69eae&vjs=3,"https://www.glassdoor.com/Overview/Working-at-JPMorgan-Chase-and-Co-EI_IE5224839.11,32.htm",4.0,Banking & Lending,10K+ Employees
47,Software Engineer,Sabre Systems Inc.,"Warminster, PA 18974",,Posted 30+ days ago,https://www.indeed.com/rc/clk?jk=e9b966293ad21cb6&fccid=fdb7b9b86c55e359&vjs=3,"https://www.glassdoor.com/Overview/Working-at-Sabre-Systems-EI_IE135687.11,24.htm",4.8,Aerospace & Defense,201 to 500 Employees
48,React Java Lead Software Engineer,JPMorgan Chase & Co,"Wilmington, DE 19803",,Posted 30+ days ago,https://www.indeed.com/rc/clk?jk=e666abb120d4b84b&fccid=c46d0116f6e69eae&vjs=3,"https://www.glassdoor.com/Overview/Working-at-JPMorgan-Chase-and-Co-EI_IE5224839.11,32.htm",4.0,Banking & Lending,10K+ Employees
49,Machine Learning Engineer,TechCoreGlobal,"Philadelphia, PA",$40 - $55 an hour,Active 3 days ago,https://www.indeed.com/company/TechCoreGlobal/jobs/Machine-Learning-Engineer-59a4fde4298a6b7c?fccid=9e991b74bfbcc90a&vjs=3,"https://www.glassdoor.com/Overview/Working-at-TechCoreGlobal-EI_IE8965061.11,25.htm",-1.0,,
50,Machine Learning Engineer,Penn Interactive,"Hybrid remote in Philadelphia, PA",,Posted 30+ days ago,https://www.indeed.com/rc/clk?jk=cab2033fcf9757a3&fccid=6c4d94aa799eafd0&vjs=3,"https://www.glassdoor.com/Overview/Working-at-Penn-Interactive-EI_IE3167084.11,27.htm",3.1,Internet & Web Services,201 to 500 Employees
51,Research Software Engineer/Systems Architect,Simons Observatory,"Hybrid remote in Philadelphia, PA","$95,000 - $130,000 a year",Posted 30+ days ago,https://www.indeed.com/rc/clk?jk=7e1a2dd658c8678f&fccid=6fd77f1ace05b4d9&vjs=3,"https://www.glassdoor.com/Overview/Working-at-Simons-Observatory-EI_IE8161593.11,29.htm",-1.0,,
52,Java React Software Engineer III,JPMorgan Chase & Co,"Wilmington, DE 19803",,Posted 30+ days ago,https://www.indeed.com/rc/clk?jk=330a47da0054e532&fccid=c46d0116f6e69eae&vjs=3,"https://www.glassdoor.com/Overview/Working-at-JPMorgan-Chase-and-Co-EI_IE5224839.11,32.htm",4.0,Banking & Lending,10K+ Employees
53,Senior Data Engineer,Capital One,"Hybrid remote in Wilmington, DE",,Posted 30+ days ago,https://www.indeed.com/rc/clk?jk=8e48e6a29e92aa7e&fccid=b85c5070c3d3d8c8&vjs=3,"https://www.glassdoor.com/Overview/Working-at-Capital-One-EI_IE3736.11,22.htm",4.1,Banking & Lending,10K+ Employees
54,"Senior Embedded Software Engineer, Series A",Recruiting From Scratch,"Remote in Philadelphia, PA 19104","$140,000 - $250,000 a year",Posted 30+ days ago,https://www.indeed.com/rc/clk?jk=1d33e5cb61eb510b&fccid=09e02654c2f26bbd&vjs=3,"https://www.glassdoor.com/Overview/Working-at-Recruiting-from-Scratch-EI_IE2496828.11,34.htm",4.0,Staffing & Subcontracting,1 to 50 Employees
55,Java AWS Software Engineer II,JPMorgan Chase & Co,"Wilmington, DE 19803",,Posted 30+ days ago,https://www.indeed.com/rc/clk?jk=183eed0a13b112ed&fccid=c46d0116f6e69eae&vjs=3,"https://www.glassdoor.com/Overview/Working-at-JPMorgan-Chase-and-Co-EI_IE5224839.11,32.htm",4.0,Banking & Lending,10K+ Employees
56,Java AWS Lead Software Engineer,JPMorgan Chase & Co,"Wilmington, DE 19803",,Posted 30+ days ago,https://www.indeed.com/rc/clk?jk=3321ecf97da5e6c3&fccid=c46d0116f6e69eae&vjs=3,"https://www.glassdoor.com/Overview/Working-at-JPMorgan-Chase-and-Co-EI_IE5224839.11,32.htm",4.0,Banking & Lending,10K+ Employees
57,"Lead Software Engineer, Java",JPMorgan Chase & Co,"Wilmington, DE 19803",,Posted 30+ days ago,https://www.indeed.com/rc/clk?jk=619a843b1e17357c&fccid=c46d0116f6e69eae&vjs=3,"https://www.glassdoor.com/Overview/Working-at-JPMorgan-Chase-and-Co-EI_IE5224839.11,32.htm",4.0,Banking & Lending,10K+ Employees
58,Big Data Java Software Engineer III,JPMorgan Chase & Co,"Wilmington, DE 19803",,Posted 30+ days ago,https://www.indeed.com/rc/clk?jk=61e671e06330a508&fccid=c46d0116f6e69eae&vjs=3,"https://www.glassdoor.com/Overview/Working-at-JPMorgan-Chase-and-Co-EI_IE5224839.11,32.htm",4.0,Banking & Lending,10K+ Employees
59,Lead Software Engineer - Full Stack Developer / React,JPMorgan Chase & Co,"Wilmington, DE 19803","$147,250 - $215,000 a year",Posted 30+ days ago,https://www.indeed.com/rc/clk?jk=6fd435490c2831bd&fccid=c46d0116f6e69eae&vjs=3,"https://www.glassdoor.com/Overview/Working-at-JPMorgan-Chase-and-Co-EI_IE5224839.11,32.htm",4.0,Banking & Lending,10K+ Employees
60,"Lead Software Engineer, Full Stack, CCB Digital CAMP",JPMorgan Chase & Co,"Wilmington, DE 19803",,Posted 30+ days ago,https://www.indeed.com/rc/clk?jk=73600c5816e894e2&fccid=c46d0116f6e69eae&vjs=3,"https://www.glassdoor.com/Overview/Working-at-JPMorgan-Chase-and-Co-EI_IE5224839.11,32.htm",4.0,Banking & Lending,10K+ Employees
61,Data AWS Lead Software Engineer,JPMorgan Chase & Co,"Wilmington, DE 19803",,Posted 30+ days ago,https://www.indeed.com/rc/clk?jk=618f63a7d841c0a7&fccid=c46d0116f6e69eae&vjs=3,"https://www.glassdoor.com/Overview/Working-at-JPMorgan-Chase-and-Co-EI_IE5224839.11,32.htm",4.0,Banking & Lending,10K+ Employees
62,Senior Embedded Software Engineer,MSNS HR TECHNOLOGY LLC,"New Castle, DE 19720",$40 - $70 an hour,Posted 30+ days ago,https://www.indeed.com/company/MSNS-HR-TECHNOLOGY-LLC/jobs/Senior-Software-Engineer-db16c075b8d68579?fccid=35910e8c1081b970&vjs=3,"https://www.glassdoor.com/Overview/Working-at-Adient-EI_IE1425189.11,17.htm",3.8,Transportation Equipment Manufacturing,10K+ Employees
63,Senior Data Scientist,QVC,"Hybrid remote in West Chester, PA 19380",,Posted 30+ days ago,https://www.indeed.com/rc/clk?jk=38070a1c8ecbea14&fccid=8a4535c948d32e2a&vjs=3,"https://www.glassdoor.com/Overview/Working-at-QVC-EI_IE8434.11,14.htm",3.4,Other Retail Stores,10K+ Employees
64,Senior Machine Learning Engineer,Recruiting From Scratch,"Philadelphia, PA 19104 
(Belmont area)","$140,000 - $180,000 a year",Posted 30+ days ago,https://www.indeed.com/rc/clk?jk=c68c980ce48b1caa&fccid=09e02654c2f26bbd&vjs=3,"https://www.glassdoor.com/Overview/Working-at-Recruiting-from-Scratch-EI_IE2496828.11,34.htm",4.0,Staffing & Subcontracting,1 to 50 Employees
65,Lead Software Engineer,JPMorgan Chase & Co,"Wilmington, DE 19803",,Posted 30+ days ago,https://www.indeed.com/rc/clk?jk=057aa3a1a7fd7979&fccid=c46d0116f6e69eae&vjs=3,"https://www.glassdoor.com/Overview/Working-at-JPMorgan-Chase-and-Co-EI_IE5224839.11,32.htm",4.0,Banking & Lending,10K+ Employees
66,Lead Software Engineer,JPMorgan Chase & Co,"Wilmington, DE 19803",,Posted 30+ days ago,https://www.indeed.com/rc/clk?jk=e120a7ee44522b85&fccid=c46d0116f6e69eae&vjs=3,"https://www.glassdoor.com/Overview/Working-at-JPMorgan-Chase-and-Co-EI_IE5224839.11,32.htm",4.0,Banking & Lending,10K+ Employees
67,Lead Machine Learning Engineer - REMOTE,FreeWheel,"Remote in Philadelphia, PA 19103","$111,800 - $262,032 a year",Posted 30+ days ago,https://www.indeed.com/rc/clk?jk=137340869f5aabdc&fccid=479c75c627f8dd06&vjs=3,"https://www.glassdoor.com/Overview/Working-at-FreeWheel-EI_IE313920.11,20.htm",4.0,Advertising & Public Relations,1K to 5K Employees
68,Lead Machine Learning Engineer - REMOTE,Comcast,"Remote in Philadelphia, PA 19103","$111,800 - $262,032 a year",Posted 30+ days ago,https://www.indeed.com/pagead/clk?mo=r&ad=-6NYlbfkN0Cj-KmZPsf9w80C8b1WzNVrlanjD2SXJjxuCbUWHsXPZrKoeu5JnscF6kqX4UPAJClgcTapRCfMmBUuGFqxD2EaDP2DwPJ0VEaHl1fTIP5dPE_t0BDz-p-Bt7jPnAReoR0MtMor-BWPLV6TMIaZYV8xu9_-6y2UUYCW8waxiDZwtA34e5jqKuo7Nci9VwCR4ZAB1wutcuugKn6hvAefQCHpBN4Hmw1vDc8b7Q69Gy7QwelVUhIAPSbe8y1FMdxn6ZcnqO01pH2JIft7v0YFA9Lx5YH0A-L8HSNannMaVelFzFW1UL-MB8FMlsds5ZF0jcUnbwTgWWc1w6i61zeOJkstJak8gcL4gxk-6snSgUYC3cuHeY-Ogq60dUInYOpXpOdY4b5USe-M3c5DJNEWcIsjJ1tId0y-GBsGM0CVPo6htYFPVRnmGqKZGdESgAQd7U-O3qriV06ZFBTodTbWF1tJBdmCVd7UYOVQO-1XKQZBug71Ln2TTyfWWe9CVvlRny76Qa-tdGTe2OIRNjcgLXXaDXzW8wIRq4pGphDwRAh_FI4VsrTL7B_v-FgFbJYJ7GHHqA9TUe1xNI_Tv8NMCKULKfHsXTkzRoxQLASMxaRJfyxFWCtm6KwaAR6hg5tYxgtV-2t7c1BD5UHyWzbsm6Iutm1oGrVUzlnMJDKA36u16uNbiPocbbiHVgRssS9IEKIYZX9HhF53PZA5idIGG2XSZdPbxOEbQ_CSAGi6Mb1OUmESsZPQMQIA9OYTbcJ00LiwEj6vz4azV021bwJQbiJ9c-R89U2ViHpNmkJ6O-eTMuuY0hWJB365feR6ai6NySnqZOYXQ5j1baqhpEvUjy93lPkfLvADJBxzDAsG8cgHhTfVlMMMYNnfxkv7Uwp5pkiP30VkBb8Y92C7IwG8T5cgc_hiB8ApayXrnmbmhFYlr7KDMeiWuEBA7kPHdEr-gUYb8beuO5vJfkW3ah6lg0AmQbJYn-Mx5Csoy9pT9NpmN36G6i4QUwS2fLC9TE7qKHwni-AoE1-E3hl-jo79KIZ_T7NEhlxyu-Yn1v6uzUhrNE7ZVMYKgzjX4wPluzurVBH_Qv9bDNc-ws19ZpBBUHntjWROEmDcUAvetS65gwqMOCuKrzCaZf0kIl4YXPKXHuJlQ5ejTd4898VcosVfm5FPfzdwBbZgpasRpDXtFMCYXZ61RDzlFjr654nj1ImLwVGpuyBuKIJa6WahlhKhFYuNhntSYKaG8E1sy9_N89Q3_xijtDzAhld8-0QTFFlta28s9eevguEjTRUH-L6ughyaRCBBzpjiZzOd4bwuED2iCbpO3ln8MEroT_ZQu4fHB1CIpwqgan04MuLODhc4Y05NMCHtKpf360lwD49I3QSXXr_sQwSZ6kJC&xkcb=SoBf-_M3Jm3CO0WYEZ0SbzkdCdPP&p=10&fvj=0&vjs=3,"https://www.glassdoor.com/Overview/Working-at-Comcast-EI_IE1280.11,18.htm",3.8,Telecommunications Services,10K+ Employees
69,Experienced Software Engineer Java / Python (Full Stack or Back End),JPMorgan Chase & Co,"Wilmington, DE 19803",,Posted 30+ days ago,https://www.indeed.com/rc/clk?jk=70dc2701ddf47e87&fccid=c46d0116f6e69eae&vjs=3,"https://www.glassdoor.com/Overview/Working-at-JPMorgan-Chase-and-Co-EI_IE5224839.11,32.htm",4.0,Banking & Lending,10K+ Employees
70,Senior Embedded Software Engineer,Recruiting From Scratch,"Remote in Philadelphia, PA 19104","$140,000 - $250,000 a year",Posted 30+ days ago,https://www.indeed.com/rc/clk?jk=c8072f7f8837f066&fccid=09e02654c2f26bbd&vjs=3,"https://www.glassdoor.com/Overview/Working-at-Recruiting-from-Scratch-EI_IE2496828.11,34.htm",4.0,Staffing & Subcontracting,1 to 50 Employees
71,"Lead Software Engineer - Java, AWS Cloud",JPMorgan Chase & Co,"Wilmington, DE 19803",,Posted 30+ days ago,https://www.indeed.com/rc/clk?jk=16f5461a3a02b5ea&fccid=c46d0116f6e69eae&vjs=3,"https://www.glassdoor.com/Overview/Working-at-JPMorgan-Chase-and-Co-EI_IE5224839.11,32.htm",4.0,Banking & Lending,10K+ Employees
72,"Software Engineer III, Sustainability Data Science",JPMorgan Chase & Co,"Wilmington, DE 19803",,Posted 30+ days ago,https://www.indeed.com/rc/clk?jk=6e84e08947b8ddff&fccid=c46d0116f6e69eae&vjs=3,"https://www.glassdoor.com/Overview/Working-at-JPMorgan-Chase-and-Co-EI_IE5224839.11,32.htm",4.0,Banking & Lending,10K+ Employees
73,"Software Engineer III, IoT/Java",JPMorgan Chase & Co,"Wilmington, DE 19803",,Posted 30+ days ago,https://www.indeed.com/rc/clk?jk=a00cb347c4605394&fccid=c46d0116f6e69eae&vjs=3,"https://www.glassdoor.com/Overview/Working-at-JPMorgan-Chase-and-Co-EI_IE5224839.11,32.htm",4.0,Banking & Lending,10K+ Employees
74,Lead Software Engineer - Data and Delivery,JPMorgan Chase & Co,"Wilmington, DE 19803",,Posted 30+ days ago,https://www.indeed.com/rc/clk?jk=bf47731df9027c14&fccid=c46d0116f6e69eae&vjs=3,"https://www.glassdoor.com/Overview/Working-at-JPMorgan-Chase-and-Co-EI_IE5224839.11,32.htm",4.0,Banking & Lending,10K+ Employees
75,"Lead Software Engineer, Automation",JPMorgan Chase & Co,"Wilmington, DE 19803",,Posted 30+ days ago,https://www.indeed.com/rc/clk?jk=cb1862b36c55a4b4&fccid=c46d0116f6e69eae&vjs=3,"https://www.glassdoor.com/Overview/Working-at-JPMorgan-Chase-and-Co-EI_IE5224839.11,32.htm",4.0,Banking & Lending,10K+ Employees
76,"Lead Software Engineer, Java",JPMorgan Chase & Co,"Wilmington, DE 19803",,Posted 30+ days ago,https://www.indeed.com/rc/clk?jk=59a23c3a48118640&fccid=c46d0116f6e69eae&vjs=3,"https://www.glassdoor.com/Overview/Working-at-JPMorgan-Chase-and-Co-EI_IE5224839.11,32.htm",4.0,Banking & Lending,10K+ Employees
77,"Lead Software Engineer, Full Stack/React - CCB Digital CAMP",JPMorgan Chase & Co,"Wilmington, DE 19803",,Posted 30+ days ago,https://www.indeed.com/rc/clk?jk=943b004f4bd3c1fe&fccid=c46d0116f6e69eae&vjs=3,"https://www.glassdoor.com/Overview/Working-at-JPMorgan-Chase-and-Co-EI_IE5224839.11,32.htm",4.0,Banking & Lending,10K+ Employees
78,Principal Data Engineer (Platform AI/ML),GSK,"Collegeville, PA","$152,634 - $179,570 a year",Posted 30+ days ago,https://www.indeed.com/company/GSK/jobs/Principal-Software-Engineer-0cdd2b3306d9a766?fccid=4e42ec53f4b93e02&vjs=3,"https://www.glassdoor.com/Overview/Working-at-GSK-EI_IE3477.11,14.htm",4.1,Biotech & Pharmaceuticals,10K+ Employees
79,Lead / Senior Machine Learning Engineer,Philadelphia Phillies Baseball Operations...,"Remote in Philadelphia, PA",,Posted 30+ days ago,https://www.indeed.com/rc/clk?jk=8410431f0bcf01fa&fccid=dd616958bd9ddc12&vjs=3,,-1.0,,
80,Principal Data Engineer (Platform AI/ML),GSK,"Collegeville, PA 19426",,Posted 30+ days ago,https://www.indeed.com/rc/clk?jk=f1b180529c34c07b&fccid=4e42ec53f4b93e02&vjs=3,"https://www.glassdoor.com/Overview/Working-at-GSK-EI_IE3477.11,14.htm",4.1,Biotech & Pharmaceuticals,10K+ Employees
81,Principal Data Engineer (Platform AI/ML),GSK,"Philadelphia, PA 19103 
(Logan Square area)",,Posted 30+ days ago,https://www.indeed.com/rc/clk?jk=e26fe4aea7ace590&fccid=4e42ec53f4b93e02&vjs=3,"https://www.glassdoor.com/Overview/Working-at-GSK-EI_IE3477.11,14.htm",4.1,Biotech & Pharmaceuticals,10K+ Employees
82,Comcast Cybersecurity: Principal Data Scientist,Comcast,"Philadelphia, PA 19103","$106,494 - $249,595 a year",Posted 30+ days ago,https://www.indeed.com/rc/clk?jk=a031b4980f68e367&fccid=ea25315ee9da22e5&vjs=3,"https://www.glassdoor.com/Overview/Working-at-Comcast-EI_IE1280.11,18.htm",3.8,Telecommunications Services,10K+ Employees
83,Computer Vision Software Developer,Kulicke and Soffa,"Fort Washington, PA 19034",,Posted 30+ days ago,https://www.indeed.com/rc/clk?jk=34398398cb326f41&fccid=9c744b1656bd2f31&vjs=3,"https://www.glassdoor.com/Overview/Working-at-Kulicke-and-Soffa-EI_IE1573.11,28.htm",3.7,Electronics Manufacturing,1K to 5K Employees
84,Applied Computer Vision Engineer,DreamVu,"Philadelphia, PA",,Posted 30+ days ago,https://www.indeed.com/rc/clk?jk=6907bf9bf332b8a9&fccid=c9935452a8f501ac&vjs=3,"https://www.glassdoor.com/Overview/Working-at-DreamVu-EI_IE3112513.11,18.htm",3.8,Computer Hardware Development,
85,Computer Vision Research Engineer,DreamVu,"Philadelphia, PA",,Posted 30+ days ago,https://www.indeed.com/rc/clk?jk=2280b366b4e3ba00&fccid=c9935452a8f501ac&vjs=3,"https://www.glassdoor.com/Overview/Working-at-DreamVu-EI_IE3112513.11,18.htm",3.8,Computer Hardware Development,
86,Data Engineer,CSols,"Newark, DE 19713",,Posted 30+ days ago,https://www.indeed.com/rc/clk?jk=1bed7e85ccd8ce7c&fccid=f9271e1b11f53633&vjs=3,"https://www.glassdoor.com/Overview/Working-at-CSols-EI_IE284247.11,16.htm",3.9,Information Technology Support Services,51 to 200 Employees
